Workbook

Sheet 주문내역
A1: 주문일 | B1: 주문번호 | C1: 고객ID | D1: 상품ID | E1: 수량 | F1: 단가 | G1: 배송비 | H1: 할인금액 | I1: 할인유형 | J1: 매출 | K1: 주문 월 | L1: 주문 요일 | M1: 고객_지역 | N1: 고객_멤버십_등급 | O1: 고객 연령대 | P1: 상품_카테고리 | Q1: 상품분류 | R1: 상품브랜드
A2: 2024-05-05 | B2: O1000 | C2: C1028 | D2: P101 | E2: 3 | F2: 66600 | G2: 0 | H2: 0 | I2: N/A | J2: =E2*F2+G2-H2 -> 199800 | K2: =LEFT(A2,7) -> 2024-05 | L2: =TEXT(WEEKDAY(A2),"aaa") -> 일 | M2: =VLOOKUP($C2, 고객정보!$A$2:$E$151, 2, FALSE) -> 대구 | N2: =VLOOKUP(C2,고객정보!$A$2:$D$151,4,FALSE) -> L2 | O2: =VLOOKUP($C2, 고객정보!$A$2:$E$151, 5, FALSE) -> 30대 | P2: =VLOOKUP(D2,상품정보!$A$2:$E$61,2,FALSE) -> 반지 | Q2: =VLOOKUP(D2,상품정보!$A$2:$D$151,3,FALSE) -> 액세서리 | R2: =VLOOKUP(D2,상품정보!$A$2:$D$151,4,FALSE) -> 브랜드B
A3: 2024-12-12 | B3: O1001 | C3: C1057 | D3: P108 | E3: 1 | F3: 13300 | G3: 0 | H3: 2700 | I3: 상품 쿠폰 | J3: =E3*F3+G3-H3 -> 10600 | K3: =LEFT(A3,7) -> 2024-12 | L3: =TEXT(WEEKDAY(A3),"aaa") -> 목 | M3: =VLOOKUP($C3, 고객정보!$A$2:$E$151, 2, FALSE) -> 서울 | N3: =VLOOKUP(C3,고객정보!$A$2:$D$151,4,FALSE) -> L2 | O3: =VLOOKUP($C3, 고객정보!$A$2:$E$151, 5, FALSE) -> 30대 | P3: =VLOOKUP(D3,상품정보!$A$2:$E$61,2,FALSE) -> 셔츠 | Q3: =VLOOKUP(D3,상품정보!$A$2:$D$151,3,FALSE) -> 의류 | R3: =VLOOKUP(D3,상품정보!$A$2:$D$151,4,FALSE) -> 브랜드E
A4: 2024-08-04 | B4: O1002 | C4: C1139 | D4: P105 | E4: 5 | F4: 63400 | G4: 500 | H4: 600 | I4: 상품 쿠폰 | J4: =E4*F4+G4-H4 -> 316900 | K4: =LEFT(A4,7) -> 2024-08 | L4: =TEXT(WEEKDAY(A4),"aaa") -> 일 | M4: =VLOOKUP($C4, 고객정보!$A$2:$E$151, 2, FALSE) -> 수원 | N4: =VLOOKUP(C4,고객정보!$A$2:$D$151,4,FALSE) -> L3 | O4: =VLOOKUP($C4, 고객정보!$A$2:$E$151, 5, FALSE) -> 30대 | P4: =VLOOKUP(D4,상품정보!$A$2:$E$61,2,FALSE) -> 귀걸이 | Q4: =VLOOKUP(D4,상품정보!$A$2:$D$151,3,FALSE) -> 액세서리 | R4: =VLOOKUP(D4,상품정보!$A$2:$D$151,4,FALSE) -> 브랜드F
A5: 2024-04-21 | B5: O1003 | C5: C1008 | D5: P101 | E5: 1 | F5: 66600 | G5: 1500 | H5: 0 | I5: N/A | J5: =E5*F5+G5-H5 -> 68100 | K5: =LEFT(A5,7) -> 2024-04 | L5: =TEXT(WEEKDAY(A5),"aaa") -> 일 | M5: =VLOOKUP($C5, 고객정보!$A$2:$E$151, 2, FALSE) -> 대구 | N5: =VLOOKUP(C5,고객정보!$A$2:$D$151,4,FALSE) -> L1 | O5: =VLOOKUP($C5, 고객정보!$A$2:$E$151, 5, FALSE) -> 30대 | P5: =VLOOKUP(D5,상품정보!$A$2:$E$61,2,FALSE) -> 반지 | Q5: =VLOOKUP(D5,상품정보!$A$2:$D$151,3,FALSE) -> 액세서리 | R5: =VLOOKUP(D5,상품정보!$A$2:$D$151,4,FALSE) -> 브랜드B
A6: 2024-01-14 | B6: O1004 | C6: C1059 | D6: P132 | E6: 5 | F6: 12100 | G6: 0 | H6: 0 | I6: N/A | J6: =E6*F6+G6-H6 -> 60500 | K6: =LEFT(A6,7) -> 2024-01 | L6: =TEXT(WEEKDAY(A6),"aaa") -> 일 | M6: =VLOOKUP($C6, 고객정보!$A$2:$E$151, 2, FALSE) -> 부산 | N6: =VLOOKUP(C6,고객정보!$A$2:$D$151,4,FALSE) -> L3 | O6: =VLOOKUP($C6, 고객정보!$A$2:$E$151, 5, FALSE) -> 40대 | P6: =VLOOKUP(D6,상품정보!$A$2:$E$61,2,FALSE) -> 귀걸이 | Q6: =VLOOKUP(D6,상품정보!$A$2:$D$151,3,FALSE) -> 액세서리 | R6: =VLOOKUP(D6,상품정보!$A$2:$D$151,4,FALSE) -> 브랜드D
A7: 2024-08-02 | B7: O1005 | C7: C1143 | D7: P112 | E7: 5 | F7: 8300 | G7: 1000 | H7: 0 | I7: N/A | J7: =E7*F7+G7-H7 -> 42500 | K7: =LEFT(A7,7) -> 2024-08 | L7: =TEXT(WEEKDAY(A7),"aaa") -> 금 | M7: =VLOOKUP($C7, 고객정보!$A$2:$E$151, 2, FALSE) -> 부산 | N7: =VLOOKUP(C7,고객정보!$A$2:$D$151,4,FALSE) -> L5 | O7: =VLOOKUP($C7, 고객정보!$A$2:$E$151, 5, FALSE) -> 30대 | P7: =VLOOKUP(D7,상품정보!$A$2:$E$61,2,FALSE) -> 청바지 | Q7: =VLOOKUP(D7,상품정보!$A$2:$D$151,3,FALSE) -> 의류 | R7: =VLOOKUP(D7,상품정보!$A$2:$D$151,4,FALSE) -> 브랜드E
A8: 2024-05-22 | B8: O1006 | C8: C1056 | D8: P128 | E8: 5 | F8: 70100 | G8: 0 | H8: 0 | I8: N/A | J8: =E8*F8+G8-H8 -> 350500 | K8: =LEFT(A8,7) -> 2024-05 | L8: =TEXT(WEEKDAY(A8),"aaa") -> 수 | M8: =VLOOKUP($C8, 고객정보!$A$2:$E$151, 2, FALSE) -> 서울 | N8: =VLOOKUP(C8,고객정보!$A$2:$D$151,4,FALSE) -> L5 | O8: =VLOOKUP($C8, 고객정보!$A$2:$E$151, 5, FALSE) -> 30대 | P8: =VLOOKUP(D8,상품정보!$A$2:$E$61,2,FALSE) -> 핸드폰케이스 | Q8: =VLOOKUP(D8,상품정보!$A$2:$D$151,3,FALSE) -> 액세서리 | R8: =VLOOKUP(D8,상품정보!$A$2:$D$151,4,FALSE) -> 브랜드F
A9: 2024-12-23 | B9: O1007 | C9: C1001 | D9: P148 | E9: 2 | F9: 77700 | G9: 1500 | H9: 3400 | I9: 상품 쿠폰 | J9: =E9*F9+G9-H9 -> 153500 | K9: =LEFT(A9,7) -> 2024-12 | L9: =TEXT(WEEKDAY(A9),"aaa") -> 월 | M9: =VLOOKUP($C9, 고객정보!$A$2:$E$151, 2, FALSE) -> 수원 | N9: =VLOOKUP(C9,고객정보!$A$2:$D$151,4,FALSE) -> L5 | O9: =VLOOKUP($C9, 고객정보!$A$2:$E$151, 5, FALSE) -> 20대 | P9: =VLOOKUP(D9,상품정보!$A$2:$E$61,2,FALSE) -> 귀걸이 | Q9: =VLOOKUP(D9,상품정보!$A$2:$D$151,3,FALSE) -> 액세서리 | R9: =VLOOKUP(D9,상품정보!$A$2:$D$151,4,FALSE) -> 브랜드B
A10: 2024-03-20 | B10: O1008 | C10: C1108 | D10: P121 | E10: 3 | F10: 63700 | G10: 0 | H10: 0 | I10: N/A | J10: =E10*F10+G10-H10 -> 191100 | K10: =LEFT(A10,7) -> 2024-03 | L10: =TEXT(WEEKDAY(A10),"aaa") -> 수 | M10: =VLOOKUP($C10, 고객정보!$A$2:$E$151, 2, FALSE) -> 서울 | N10: =VLOOKUP(C10,고객정보!$A$2:$D$151,4,FALSE) -> L3 | O10: =VLOOKUP($C10, 고객정보!$A$2:$E$151, 5, FALSE) -> 50대 이상 | P10: =VLOOKUP(D10,상품정보!$A$2:$E$61,2,FALSE) -> 셔츠 | Q10: =VLOOKUP(D10,상품정보!$A$2:$D$151,3,FALSE) -> 의류 | R10: =VLOOKUP(D10,상품정보!$A$2:$D$151,4,FALSE) -> 브랜드A
A11: 2024-02-22 | B11: O1009 | C11: C1055 | D11: P148 | E11: 3 | F11: 77700 | G11: 0 | H11: 5400 | I11: 상품 쿠폰 | J11: =E11*F11+G11-H11 -> 227700 | K11: =LEFT(A11,7) -> 2024-02 | L11: =TEXT(WEEKDAY(A11),"aaa") -> 목 | M11: =VLOOKUP($C11, 고객정보!$A$2:$E$151, 2, FALSE) -> 대전 | N11: =VLOOKUP(C11,고객정보!$A$2:$D$151,4,FALSE) -> L2 | O11: =VLOOKUP($C11, 고객정보!$A$2:$E$151, 5, FALSE) -> 10대 | P11: =VLOOKUP(D11,상품정보!$A$2:$E$61,2,FALSE) -> 귀걸이 | Q11: =VLOOKUP(D11,상품정보!$A$2:$D$151,3,FALSE) -> 액세서리 | R11: =VLOOKUP(D11,상품정보!$A$2:$D$151,4,FALSE) -> 브랜드B
A12: 2024-07-02 | B12: O1010 | C12: C1023 | D12: P124 | E12: 1 | F12: 5400 | G12: 0 | H12: 0 | I12: N/A | J12: =E12*F12+G12-H12 -> 5400 | K12: =LEFT(A12,7) -> 2024-07 | L12: =TEXT(WEEKDAY(A12),"aaa") -> 화 | M12: =VLOOKUP($C12, 고객정보!$A$2:$E$151, 2, FALSE) -> 부산 | N12: =VLOOKUP(C12,고객정보!$A$2:$D$151,4,FALSE) -> L5 | O12: =VLOOKUP($C12, 고객정보!$A$2:$E$151, 5, FALSE) -> 30대 | P12: =VLOOKUP(D12,상품정보!$A$2:$E$61,2,FALSE) -> 반지 | Q12: =VLOOKUP(D12,상품정보!$A$2:$D$151,3,FALSE) -> 액세서리 | R12: =VLOOKUP(D12,상품정보!$A$2:$D$151,4,FALSE) -> 브랜드D
A13: 2024-01-23 | B13: O1011 | C13: C1088 | D13: P138 | E13: 3 | F13: 60600 | G13: 2000 | H13: 1300 | I13: 브랜드 쿠폰 | J13: =E13*F13+G13-H13 -> 182500 | K13: =LEFT(A13,7) -> 2024-01 | L13: =TEXT(WEEKDAY(A13),"aaa") -> 화 | M13: =VLOOKUP($C13, 고객정보!$A$2:$E$151, 2, FALSE) -> 대전 | N13: =VLOOKUP(C13,고객정보!$A$2:$D$151,4,FALSE) -> L4 | O13: =VLOOKUP($C13, 고객정보!$A$2:$E$151, 5, FALSE) -> 30대 | P13: =VLOOKUP(D13,상품정보!$A$2:$E$61,2,FALSE) -> 반팔 티셔츠 | Q13: =VLOOKUP(D13,상품정보!$A$2:$D$151,3,FALSE) -> 의류 | R13: =VLOOKUP(D13,상품정보!$A$2:$D$151,4,FALSE) -> 브랜드F
... A2001: 2024-03-31 | B2001: O2999 | C2001: C1013 | D2001: P159 | E2001: 5 | F2001: 16800 | G2001: 0 | H2001: 0 | I2001: N/A | J2001: =E2001*F2001+G2001-H2001 -> 84000 | K2001: =LEFT(A2001,7) -> 2024-03 | L2001: =TEXT(WEEKDAY(A2001),"aaa") -> 일 | M2001: =VLOOKUP($C2001, 고객정보!$A$2:$E$151, 2, FALSE) -> 서울 | N2001: =VLOOKUP(C2001,고객정보!$A$2:$D$151,4,FALSE) -> L5 | O2001: =VLOOKUP($C2001, 고객정보!$A$2:$E$151, 5, FALSE) -> 20대 | P2001: =VLOOKUP(D2001,상품정보!$A$2:$E$61,2,FALSE) -> 청바지 | Q2001: =VLOOKUP(D2001,상품정보!$A$2:$D$151,3,FALSE) -> 의류 | R2001: =VLOOKUP(D2001,상품정보!$A$2:$D$151,4,FALSE) -> 브랜드C

Sheet 고객정보
A1: 고객ID | B1: 지역 | C1: 나이 | D1: 멤버십등급 | E1: 연령대
A2: C1000 | B2: 부산 | C2: 22 | D2: L3 | E2: =_xlfn.IFS(C2<=19, "10대", C2<=29,"20대",C2<=39,"30대",C2<=49,"40대",TRUE,"50대 이상") -> 20대
A3: C1001 | B3: 수원 | C3: 29 | D3: L5 | E3: =_xlfn.IFS(C3<=19, "10대", C3<=29,"20대",C3<=39,"30대",C3<=49,"40대",TRUE,"50대 이상") -> 20대
A4: C1002 | B4: 인천 | C4: 36 | D4: L5 | E4: =_xlfn.IFS(C4<=19, "10대", C4<=29,"20대",C4<=39,"30대",C4<=49,"40대",TRUE,"50대 이상") -> 30대
A5: C1003 | B5: 대구 | C5: 20 | D5: L1 | E5: =_xlfn.IFS(C5<=19, "10대", C5<=29,"20대",C5<=39,"30대",C5<=49,"40대",TRUE,"50대 이상") -> 20대
A6: C1004 | B6: 서울 | C6: 56 | D6: L1 | E6: =_xlfn.IFS(C6<=19, "10대", C6<=29,"20대",C6<=39,"30대",C6<=49,"40대",TRUE,"50대 이상") -> 50대 이상
A7: C1005 | B7: 서울 | C7: 40 | D7: L2 | E7: =_xlfn.IFS(C7<=19, "10대", C7<=29,"20대",C7<=39,"30대",C7<=49,"40대",TRUE,"50대 이상") -> 40대
A8: C1006 | B8: 서울 | C8: 21 | D8: L1 | E8: =_xlfn.IFS(C8<=19, "10대", C8<=29,"20대",C8<=39,"30대",C8<=49,"40대",TRUE,"50대 이상") -> 20대
A9: C1007 | B9: 대전 | C9: 45 | D9: L3 | E9: =_xlfn.IFS(C9<=19, "10대", C9<=29,"20대",C9<=39,"30대",C9<=49,"40대",TRUE,"50대 이상") -> 40대
A10: C1008 | B10: 대구 | C10: 37 | D10: L1 | E10: =_xlfn.IFS(C10<=19, "10대", C10<=29,"20대",C10<=39,"30대",C10<=49,"40대",TRUE,"50대 이상") -> 30대
A11: C1009 | B11: 인천 | C11: 30 | D11: L1 | E11: =_xlfn.IFS(C11<=19, "10대", C11<=29,"20대",C11<=39,"30대",C11<=49,"40대",TRUE,"50대 이상") -> 30대
A12: C1010 | B12: 서울 | C12: 18 | D12: L2 | E12: =_xlfn.IFS(C12<=19, "10대", C12<=29,"20대",C12<=39,"30대",C12<=49,"40대",TRUE,"50대 이상") -> 10대
A13: C1011 | B13: 수원 | C13: 52 | D13: L3 | E13: =_xlfn.IFS(C13<=19, "10대", C13<=29,"20대",C13<=39,"30대",C13<=49,"40대",TRUE,"50대 이상") -> 50대 이상
... A151: C1149 | B151: 서울 | C151: 16 | D151: L1 | E151: =_xlfn.IFS(C151<=19, "10대", C151<=29,"20대",C151<=39,"30대",C151<=49,"40대",TRUE,"50대 이상") -> 10대

Sheet 상품정보
A1: 상품ID | B1: 카테고리 | C1: 분류 | D1: 브랜드 | E1: 단가
A2: P100 | B2: 자켓 | C2: 의류 | D2: 브랜드A | E2: 73000
A3: P101 | B3: 반지 | C3: 액세서리 | D3: 브랜드B | E3: 66600
A4: P102 | B4: 청바지 | C4: 의류 | D4: 브랜드B | E4: 66600
A5: P103 | B5: 청바지 | C5: 의류 | D5: 브랜드A | E5: 59700
A6: P104 | B6: 자켓 | C6: 의류 | D6: 브랜드B | E6: 55600
A7: P105 | B7: 귀걸이 | C7: 액세서리 | D7: 브랜드F | E7: 63400
A8: P106 | B8: 셔츠 | C8: 의류 | D8: 브랜드F | E8: 69200
A9: P107 | B9: 청바지 | C9: 의류 | D9: 브랜드A | E9: 77800
A10: P108 | B10: 셔츠 | C10: 의류 | D10: 브랜드E | E10: 13300
A11: P109 | B11: 귀걸이 | C11: 액세서리 | D11: 브랜드E | E11: 6400
A12: P110 | B12: 반팔 티셔츠 | C12: 의류 | D12: 브랜드A | E12: 60600
A13: P111 | B13: 반팔 티셔츠 | C13: 의류 | D13: 브랜드E | E13: 9700
... A61: P159 | B61: 청바지 | C61: 의류 | D61: 브랜드C | E61: 16800
